branch,old_hash,new_hash,status
main,df04f19ec98e131fcec1231af0c71c20ac0cda9e,df04f19ec98e131fcec1231af0c71c20ac0cda9e,UNCHANGED
main,f9e9f19fe40a75154b5749c2e2fd54069ba27f02,f9e9f19fe40a75154b5749c2e2fd54069ba27f02,UNCHANGED
main,6b806301cc12040897a9eeb374560529cdff3e08,6b806301cc12040897a9eeb374560529cdff3e08,UNCHANGED
main,44698a0f144ba2fffbfe194c66efef6a43d49384,44698a0f144ba2fffbfe194c66efef6a43d49384,UNCHANGED
main,4d3bbc39d05af7bfb5050fd4c8967b301cc8aa66,4d3bbc39d05af7bfb5050fd4c8967b301cc8aa66,UNCHANGED
main,892458c648cb932f7042bbbce3cfb7fb1674854e,892458c648cb932f7042bbbce3cfb7fb1674854e,UNCHANGED
main,809c8bfb4a286e4c9d2f606dd3db9df3f37642e8,809c8bfb4a286e4c9d2f606dd3db9df3f37642e8,UNCHANGED
main,3b3679bf2cf0519fe07b2197ef9434eb56b692ac,3b3679bf2cf0519fe07b2197ef9434eb56b692ac,UNCHANGED
main,fe035d8afff29326ad02285be513154b62a48766,fe035d8afff29326ad02285be513154b62a48766,UNCHANGED
main,a4bc7d26d2fb523a178528d35faa78eb19853e6f,a4bc7d26d2fb523a178528d35faa78eb19853e6f,UNCHANGED
main,0385b54edc55c4f23851f40553946b91a654751c,0385b54edc55c4f23851f40553946b91a654751c,UNCHANGED
main,1b40f36b8006cd623d7c8b47cfb46ca72dc8a667,1b40f36b8006cd623d7c8b47cfb46ca72dc8a667,UNCHANGED
main,2ae7dd8df8abee2b4d94cae610ff143c20a92934,2ae7dd8df8abee2b4d94cae610ff143c20a92934,UNCHANGED
main,3da5eb2a62aa7a9ce80b8d0cfc513f44ef1fd3bb,3da5eb2a62aa7a9ce80b8d0cfc513f44ef1fd3bb,UNCHANGED
main,105c3de47b9f0acb55e2e960f6d78d7324994956,105c3de47b9f0acb55e2e960f6d78d7324994956,UNCHANGED
main,b97e2ae8d15dfa2a49953f643f7ad5d3a3716a84,b97e2ae8d15dfa2a49953f643f7ad5d3a3716a84,UNCHANGED
main,9be7b39be9c73fc7cdab6bddfdd2398dd43627da,9be7b39be9c73fc7cdab6bddfdd2398dd43627da,UNCHANGED
main,d0bb294ff3eeab0a68daeb29a203dda28592a2e8,d0bb294ff3eeab0a68daeb29a203dda28592a2e8,UNCHANGED
main,37cbdd42f427a0740d7692bafb9e84010fcafb57,37cbdd42f427a0740d7692bafb9e84010fcafb57,UNCHANGED
main,3e6a2caa5e84aaf82b093d109e8282b8e8754fbd,3e6a2caa5e84aaf82b093d109e8282b8e8754fbd,UNCHANGED
main,716499a38e0c626da6fb98ed2de1a51131230528,716499a38e0c626da6fb98ed2de1a51131230528,UNCHANGED
main,8c7b7f024938fbe6c3569ecd2fceb9b3be52478a,8c7b7f024938fbe6c3569ecd2fceb9b3be52478a,UNCHANGED
main,a2f3f0c8eacdc7f8db2b84a01c59dc79d6405e8e,a2f3f0c8eacdc7f8db2b84a01c59dc79d6405e8e,UNCHANGED
main,4e39c9b616cb029494e709d43cf4857682654f2f,4e39c9b616cb029494e709d43cf4857682654f2f,UNCHANGED
main,f90482e2efe50b7b84a5febb40d97eb52e625ab7,f90482e2efe50b7b84a5febb40d97eb52e625ab7,UNCHANGED
main,22adbcda326496515db5406f953da78237982340,22adbcda326496515db5406f953da78237982340,UNCHANGED
main,9ff50938876b9ab1f2d5e4b7e4d7818e7edd2001,9ff50938876b9ab1f2d5e4b7e4d7818e7edd2001,UNCHANGED
main,53ee5c4176a50610f780522315b14953eea058db,53ee5c4176a50610f780522315b14953eea058db,UNCHANGED
main,f42bc3c5c16fbc90c439a3446eb88fe56e3aee72,f42bc3c5c16fbc90c439a3446eb88fe56e3aee72,UNCHANGED
main,c70279f5d0e426b193259143ea8f2d37d49101a5,c70279f5d0e426b193259143ea8f2d37d49101a5,UNCHANGED
main,8cc232457c7952d0c1773a86774611868ba25869,8cc232457c7952d0c1773a86774611868ba25869,UNCHANGED
main,2746fe6d714c942a819b53e229e81b5dd5ef70cf,2746fe6d714c942a819b53e229e81b5dd5ef70cf,UNCHANGED
main,74bf0399c00f7c911bd7825813fecbaf6302500e,74bf0399c00f7c911bd7825813fecbaf6302500e,UNCHANGED
main,22e36c30a15430f77290f119e6e86454282b0716,22e36c30a15430f77290f119e6e86454282b0716,UNCHANGED
main,194958d1d33a393648d3d20e29dc5141bdb2940f,194958d1d33a393648d3d20e29dc5141bdb2940f,UNCHANGED
main,97624c6474f8769254181b9cc32808b4e3cda4e7,97624c6474f8769254181b9cc32808b4e3cda4e7,UNCHANGED
main,a5dab52d94fb039e32a4cac4f6b22e46017a9f22,a5dab52d94fb039e32a4cac4f6b22e46017a9f22,UNCHANGED
main,d892529cbf5cb433170acd1970f66884e96a3480,d892529cbf5cb433170acd1970f66884e96a3480,UNCHANGED
main,e61bd6358f332a2b5442c38e93a895634bd2fa76,e61bd6358f332a2b5442c38e93a895634bd2fa76,UNCHANGED
main,7873ed7923769eac268dcf2d6a18c64382b6d5db,7873ed7923769eac268dcf2d6a18c64382b6d5db,UNCHANGED
main,785670fc67e2fed000470b7c0b2e1aadc08cc0ba,785670fc67e2fed000470b7c0b2e1aadc08cc0ba,UNCHANGED
main,2f5370ca439c481d4950617892946122afc554f7,2f5370ca439c481d4950617892946122afc554f7,UNCHANGED
main,ba5784eb958627ce93802105ceb8f52926a00f63,ba5784eb958627ce93802105ceb8f52926a00f63,UNCHANGED
main,95bf984de9425e111ff1166f367e47a999a0d88f,95bf984de9425e111ff1166f367e47a999a0d88f,UNCHANGED
main,131ee50bea1152be8ec45aea45fae9e5e14496d5,131ee50bea1152be8ec45aea45fae9e5e14496d5,UNCHANGED
main,29d0673857f62b30bca71b90bffc307e22ddc79e,29d0673857f62b30bca71b90bffc307e22ddc79e,UNCHANGED
main,f02f09b0455f72d821948f6d58375a8ad0245dbc,f02f09b0455f72d821948f6d58375a8ad0245dbc,UNCHANGED
main,17dc86bdf4838770b854d252f1dc7752a885e16d,17dc86bdf4838770b854d252f1dc7752a885e16d,UNCHANGED
main,af80a57ae9f2ecba98d78f7ef4bf71a0657293ed,af80a57ae9f2ecba98d78f7ef4bf71a0657293ed,UNCHANGED
main,043d776a069327ecc9964d32e905b73c8deb56ee,043d776a069327ecc9964d32e905b73c8deb56ee,UNCHANGED
main,2936ebe8c09c7d124662a5c2638f300021cc40aa,2936ebe8c09c7d124662a5c2638f300021cc40aa,UNCHANGED
main,72f2d03b5c3d56b4051819e9f7f3eedf9caebf83,72f2d03b5c3d56b4051819e9f7f3eedf9caebf83,UNCHANGED
main,682339d6a293356b82e75642308b3788896a7f7b,682339d6a293356b82e75642308b3788896a7f7b,UNCHANGED
main,2d1d0e6a1486ee4d7da88401ea52ec847e548f7c,2d1d0e6a1486ee4d7da88401ea52ec847e548f7c,UNCHANGED
main,1d8a65ca4788f351fa124b04a9ec1dfcf3a52bad,1d8a65ca4788f351fa124b04a9ec1dfcf3a52bad,UNCHANGED
main,5f47017e78e6c21e170384e9a83cea30163fb0cf,5f47017e78e6c21e170384e9a83cea30163fb0cf,UNCHANGED
main,f5926296335b0b47bfb07ddfea5f9df9dc3675f3,f5926296335b0b47bfb07ddfea5f9df9dc3675f3,UNCHANGED
main,0c858f5710a56636b0b498d08629bd4ca4b57c4a,0c858f5710a56636b0b498d08629bd4ca4b57c4a,UNCHANGED
main,63bea592cbe26bd256fa65375c68ea1956155cd6,63bea592cbe26bd256fa65375c68ea1956155cd6,UNCHANGED
main,539001d3a9410e3bd17417927e63f9161edafa2b,539001d3a9410e3bd17417927e63f9161edafa2b,UNCHANGED
main,db4fa90557a592b09bb63e9735c0c5f12ddbf9a8,db4fa90557a592b09bb63e9735c0c5f12ddbf9a8,UNCHANGED
main,873c33eb0a468d9a1b0ce768ede1627aac0c198d,873c33eb0a468d9a1b0ce768ede1627aac0c198d,UNCHANGED
main,ebd341b3576cac914a2a8f330073f1073598f942,ebd341b3576cac914a2a8f330073f1073598f942,UNCHANGED
main,8b06c8cd702310ec27d408406967ed3be0a324cb,8b06c8cd702310ec27d408406967ed3be0a324cb,UNCHANGED
main,c2240c89475e4e4de656effca78199b2af952940,c2240c89475e4e4de656effca78199b2af952940,UNCHANGED
main,f06e14cffc416f5bdccdc85a88fb9f879364ed45,f06e14cffc416f5bdccdc85a88fb9f879364ed45,UNCHANGED
main,fa0cb8e52ae86104f19aad42cba4a2327036a832,fa0cb8e52ae86104f19aad42cba4a2327036a832,UNCHANGED
main,264c61c9c0b99ee30e9aa436bc2bde0ead18f23f,264c61c9c0b99ee30e9aa436bc2bde0ead18f23f,UNCHANGED
main,1da7c078b95af59a6bdfccb08fea62937acfb59f,1da7c078b95af59a6bdfccb08fea62937acfb59f,UNCHANGED
main,7c8cfd1b178ac275d3d28c38eb43687909c1085c,7c8cfd1b178ac275d3d28c38eb43687909c1085c,UNCHANGED
main,9c53508ebc6ca51ca0505def5e8304ef700ae831,9c53508ebc6ca51ca0505def5e8304ef700ae831,UNCHANGED
main,ff0732b6226d21dfd2c1fc413bebc7acfa216a05,ff0732b6226d21dfd2c1fc413bebc7acfa216a05,UNCHANGED
main,b323f9329d7e9aa892461a114d62de344807c81e,b323f9329d7e9aa892461a114d62de344807c81e,UNCHANGED
main,931cf50a5ec7193489d0afe6b9f76194bdd38723,931cf50a5ec7193489d0afe6b9f76194bdd38723,UNCHANGED
main,6f43c01904d5255279e35edc933a6589f879be04,6f43c01904d5255279e35edc933a6589f879be04,UNCHANGED
main,f981d5f5cb7216758c5dc8e219fc149b8fd76942,f981d5f5cb7216758c5dc8e219fc149b8fd76942,UNCHANGED
main,15cd9bf172731ea2c8179cf3e1be9433f727809e,15cd9bf172731ea2c8179cf3e1be9433f727809e,UNCHANGED
main,f1ab025f40aa323bed7f5061a13e951e6d3ec555,f1ab025f40aa323bed7f5061a13e951e6d3ec555,UNCHANGED
main,a2ed4860b800c0599684307cdaae5902a227c64c,a2ed4860b800c0599684307cdaae5902a227c64c,UNCHANGED
main,6a7724111506cfb412867ff351c697da081d6efa,6a7724111506cfb412867ff351c697da081d6efa,UNCHANGED
main,9c8c322d7ad2949188dc9702ecf3c09899e61dff,9c8c322d7ad2949188dc9702ecf3c09899e61dff,UNCHANGED
main,3f2788958b503fad9f75e5803ea54fb4f26d4b15,3f2788958b503fad9f75e5803ea54fb4f26d4b15,UNCHANGED
main,53d3075944843f3ad67602cf9866c2303da5525d,53d3075944843f3ad67602cf9866c2303da5525d,UNCHANGED
main,b1f7e36e76ff1fac9a2f12d101b4bb15607650fa,b1f7e36e76ff1fac9a2f12d101b4bb15607650fa,UNCHANGED
main,a8e2caed5ba49294dc501ea4a7dffb2cb91acbe4,a8e2caed5ba49294dc501ea4a7dffb2cb91acbe4,UNCHANGED
main,238c213264b3df7fe8051629092e45eeb91b267c,238c213264b3df7fe8051629092e45eeb91b267c,UNCHANGED
main,de15d4101f1a384777ca1dad19da9671583c9d24,de15d4101f1a384777ca1dad19da9671583c9d24,UNCHANGED
main,4d4983752b4f8f8b706f89819f32ffd6be11af8e,041df3dd50e6c5e2d90239d91b0801b629f98a31,REWRITTEN
main,a8b6ba4856329320b94d639852c1b21b7eab3d95,4cb3fd95b848bedac97dd25afa2874e9b4c77b92,REWRITTEN
main,4246b1fa19a77cadcba9ea911a269db422fe9539,c8801d96c55803c04d79bcfe6dc443e5a3024118,REWRITTEN
main,b134518a9cf61be665991d13f34aed654d11ce4f,929be7d102cbfec4dc499dd78e72db7085035b4c,REWRITTEN
main,89770e3842d582afb4723dea1e087fd66e1c3356,ec86f741dc1a982d9fe118eaef7df409b65260ca,REWRITTEN
main,27430121b8223efbe56b5884de6f838f632c8e8c,ca8a9f34ff9da0cc4b1a303d703cdc41d99bc83d,REWRITTEN
main,52f92ef0826c9877b5c93dc8f16bb45fe2fd75fe,8cca673926e07efccd20e7fe108311351fee5fc5,REWRITTEN
main,19b99c253a6d7094778899328571ab68269e3a20,b70c0eb3e6e7e8820a6c7c5bbbc3c695e2297a6d,REWRITTEN
main,93a13d127b443b58e9dca963c296879ca806cacc,2b304826c119329064b6ba55d17961783cd3f077,REWRITTEN
main,425d0cd14ad641a3fab922a5092029475de07e2d,fb2b0e6a2cc8d1d1b32c502c37382a8f592cf5c6,REWRITTEN
main,6f2fb7716a2ec85a45050fc6adc1aa3d0ff56c72,ab2dcd6501b5b22fdba722ec92dacf86436df665,REWRITTEN
main,c7fd9ff7801206672846a80be260045f588818e1,6109d91b7018e708e3c9a4f3f8f4a278750aad03,REWRITTEN
main,a7bc85077c493b81a858d0150b0566b719c2745e,0968ecc92c5c9bfd76d61816c684f40d31dc7253,REWRITTEN
main,d8ee869673df64bfc63f52e162305791c1170a1f,e288d40bae12394839973efa34be18897533d2c7,REWRITTEN
main,eaf14c4995fc8b2289e11435b54fd4672c17630d,ca5c30b1c6f0a26f5c0550320a3d5ad579ce06fe,REWRITTEN
main,568c70e541a1fa4986ed43a23aca41a8a18af82f,dd6b0337f1b5ed7ba733949a5b0b851f7c06353f,REWRITTEN
main,5b2af22f4a09f467abe0a1f0fd8ef7d1858a2c63,770de8f8a6d5196c2a3dfef0247bc30a73576b35,REWRITTEN
main,82eb300bc0d30736a8729c6d25d401ab562441eb,df9c369db0d9393d1da87ef7b7ee40c9166794a4,REWRITTEN
main,98204ada896e55eccaf5bbe3721c148419f5bd8c,2f75f7ac5ba087b788935e42f1da01f423ae23cf,REWRITTEN
main,0567c1d4a9164d5591e487a69780c9d84c54be6f,acf116cb3cd64d09f8f123b8c090929321535e1c,REWRITTEN
main,5ec3cbb33c729256dae49c1fc2d1bfa82d028fdd,76210d005accfc67fcbd87f9e30be7b07d9fb3ea,REWRITTEN
main,4736504573cb65bab5daeef36c6890f204927483,fd2027ebdcd1a65521fb8570202e4bdcced1d88c,REWRITTEN
main,d9db5f47bb9c0007557a40940e4f67ea22282460,c8ac0458c5bcc775fdabe71f7de15b83df36f490,REWRITTEN
main,b20074cfdd356badbacb0709c7859c12dfa6af16,686ede0f35e1bb6c48f7ece75d2e211af0cf5ab3,REWRITTEN
main,62b0456f4b256cd8694d7c01ed3c77753e228c0a,0143492585355e4403b715112a0e3e8bf072c5d1,REWRITTEN
main,da73a9ed5b810360eeee087066b4edf2a310da3f,826db6e90facd0fad2e7c4bcbbd6294384744459,REWRITTEN
main,14895afe9a283a91a662af29f9cd640e790eabc7,9d1e5a950cb794d389b6a7903f6329883bdefdb6,REWRITTEN
main,f0142f6b8fad300c2eb1842516200a81390c2a7d,2ac7d1936e4bb914507a3a5ac526cdb536d4de57,REWRITTEN
main,93e88302680171faba63d4d9eece738089a43468,6b5162f00acb8a573ede1fd95b6fddaa30ae4176,REWRITTEN
main,fb7592d3e2b417ea521b1de69119bda3359a5784,d60b30c876fa98a2e7c9956e989f06bba2ea88a1,REWRITTEN
main,4caa503e061fd40e5ab95668a32868e3c7b300c3,2b9ea3da8bc6a37e6c91bccff9e7684a4e37a5d4,REWRITTEN
main,ab7a599e24eaa2b58d131d884d840ff12efc04e0,43b6834a5a403da5c481c5663af690ffd762c980,REWRITTEN
main,80a0dc917226fa908c1c94039bc0661d79c980d0,b4387233bfab22879b60eaee34acefa864641966,REWRITTEN
main,5b376277beace13905bf4234d05d5de9f469c1a1,0b9671162fea1128b24f623d3c220a5457a66984,REWRITTEN
main,0354936502fe9829880b70441baf54a35ba57c39,28492bd65d91c7eaa76b90d2b8e10edccfc706a1,REWRITTEN
main,458c6c07760a5f8a24ae5dcef5e92d0712b94816,1445dd0809c894de975c5ba49d81c91752c7f614,REWRITTEN
main,e3965c99ea0a9530b4886338a9c3bd4613d88c63,da3ad952104f6859472e638e95ce83ec2440e149,REWRITTEN
main,b339ea208fc72f32a723133124b269d5dfe2d883,a261a3ce0b40918be508ce8928d6eb3a177de875,REWRITTEN
main,c672e554c04658e9744452982e34b452286b967c,df89754b8422f7960f03728bbfe495c2ddfcd86e,REWRITTEN
main,b2331a6af8b08490f6d750d9f41e1954431f81c0,b240bd063484e1ac8edaba779be9aafd5583c2eb,REWRITTEN
main,4a38b5fed10e67b6b50aa4a7a4481a076edc4115,bcf1a1bdb71ad1beb47d10520996d921ff20350f,REWRITTEN
main,b3f4700fb4c07f221afbd58f4d69d226ebe38bf4,6c0168b9b78701aed2497f9e3731817e7fbe3e90,REWRITTEN
main,beb8a26171aff382de73d6046708b43f842b812b,5f6cac20e3eaa4f2efffd84126b7220b92434ad2,REWRITTEN
main,f1273aefee2d62d94a291104e88140fa4586eb82,1e61d326e60b453e321b15f58ed596fbe6c48338,REWRITTEN
main,b8ec4cc030aca812557fc4f2cb1adc026001bec1,912ae906ff64ad96cb460f6c5e6085cf601555aa,REWRITTEN
main,1482036abd624a5512c0c994ba5cc3d5f80730fe,941205110b8f0f17959a0a0c812d56a1f175e2ab,REWRITTEN
main,57dc3d08e725529e17c14c557b017f59f04f8a81,26d02e39c4026a41d6d8afbc567d6c2329e248c3,REWRITTEN
main,9bb0487c26edaed31287de565230420fa1a64830,7a624437853580d5700fb113353c08ee8cebaf2a,REWRITTEN
main,bf06e3ebb601e9b4fc6938bf8ae63f7e1e57165d,baab0b941910583e2ce6c17b71a238e6439960c7,REWRITTEN
main,9ba927f5fe4779ef8a2ba4affea616e495c75172,9157bcbdcdce41de58e414fbc9de6b63bcafd0af,REWRITTEN
main,01b0a3d8c3aaf564c0ee35fd71fffb06badc6fd1,cfbd9d0e5c3b984f2db462b676fad2f0239f4ce9,REWRITTEN
main,345acdfa29c6de825c3e47d80be580eab410bf41,9b69fbd360944b564d62b9e2cff6b761ecca9de7,REWRITTEN
main,64be7418a5b61d2b48c3bf8f209f0dadb0986278,d81238c8221b9afa948a5d0baab9c5f1131b54bc,REWRITTEN
main,422eb885c1c2be1942d290222743a0e1e6989555,431e5538e5a8f96e32c73e922f9ea219a2943ca0,REWRITTEN
main,a893a1e79295eb58365a47176ce8fc77336b2f67,9b8a22679ae0567db4bb1c39be61088c0cc222ba,REWRITTEN
main,f12a5ed11741c0ead77e6723517ef6d20c51e8b6,64c1a86f893b22956c97471eba9a6a62b463c8c1,REWRITTEN
main,931f1685c0c1713151ebab979de8d1d5a88d32c1,d800f1bc4afde8a94b3ac16b30752aeaf93124cd,REWRITTEN
main,a98ef053dbdac6b49f079c55c38fb1dbe4f6caa2,a40467173c9f1e5a9508fc0fe8581130f8e79c05,REWRITTEN
main,2732c0a07e7479261d1b77646b82fa2b0b4c1430,84791a1bb8a8e8533392311d423e145865bb0c33,REWRITTEN
main,1e28e5f8c3c1db2dc324c0c1402c2f70f0d38ce3,3fa52a6cb1d292b37c597dcc1845946632edc23c,REWRITTEN
main,c3d6ced2d10a822f637163a1ddcbd88c05480c6e,ff7bb9e36d5316f314e0bd418b3bf3e00ffb6ba7,REWRITTEN
main,2ad1ff557c66238c36c0d217813f98a07e113c5a,bd0ce0314bf1fd9e3d87cf756d3e0a168a225425,REWRITTEN
main,b94f0f9917d4561cc4c9271ece43e264f70e19f4,a0726522a71c31a3cf0bdeac3c2e2a1d89167d85,REWRITTEN
main,92daa89986006234b42ddcc44944f085c4754586,8d2e8d865d42652fdfbbd1b4442633e6d5519745,REWRITTEN
main,2657df6d9f055378fb35dd10144842c884a2d9fa,e734ba2352efed83f015576202e4484c176d218f,REWRITTEN
main,d0fd623f81f1b34f510e7ba159ed406e417ae733,9f7adeedfb85d9e31540d0b1d6d37d13082cbd94,REWRITTEN
main,9bb8704674fc5b5f17c23d1c10b183ccb3d006c6,fb60c311eb2216f0854be34d23dc8e2841304069,REWRITTEN
main,e3ddd11dda062109bb42472d4059be73d1b4c467,993a8eb83dc8c2564b9b2cf8d79a23a415ceaf18,REWRITTEN
main,1ebe066a012d3810ba250de83642080a9a0561c3,01d6bceba3ab043ff8817bd414bc6c3dceb922dc,REWRITTEN
main,5081f0816d9b5da4126cb43753dbb052ad762d34,1235c8e0e95372e38ea3fc1b630bd4adff338e75,REWRITTEN
main,1a215d94d7f97026bbe8416218c661f74a5222cd,a04e29bdc2dcdc8a2ea817cd653c219c57a21e63,REWRITTEN
main,ab9501aa660e046c7c3782fe22b410ceb4c2c017,d072b585674e7e59ebca65c865ab448149df99da,REWRITTEN
main,adfe142d885f89503b1bc2b3da6ce138fd25135e,790bd95e7110326cc1085a9734329e60f993b08b,REWRITTEN
main,405141a477523edadbfbf36fe9cb571dae8abef3,5c2593f69dd9595e3610936b86419d6122c79b33,REWRITTEN
main,d171faae66e29c06610eb91a5d7033ec0802269a,6f14321a7c5c518951b96c487b3d2b5e703dd558,REWRITTEN
main,724aa9ee349f4a4580d3ca729648889d69b1c7dc,570c938448bb223f6de1c2e2c8fa4ad9f37cab47,REWRITTEN
main,72274cf8735e9e66ab432c210e0def2a4d2bf71a,ebc5c750fd483e3f382b3c732be72b27e8f2bea3,REWRITTEN
main,0ab459d7d30407423bdba4e08927f663b5ae71ea,69fc6245843f77b24eb53b01945fb65e5a55c5fd,REWRITTEN
main,5dfc0d861a9e948fed6fb363e92ca5ee747464c5,c6096619bab83fb1b80ac743b8f8f13a3f11649d,REWRITTEN
main,7dcaea88bf1338172bfe8573b1847ce6fc455547,6f48d92bf9501d3e792b12c083f85c37ccf286e0,REWRITTEN
main,1a52a984f23f3dd4b6a853f29ba3b101fac18c65,3cc29aa5d8aefc6d302312fa317216db51f5b86d,REWRITTEN
main,e91e6189937e83350ac6bafe5791f161aab9227a,b3ff15936a63ff1c88b2fc657e7b9b8c8554eef3,REWRITTEN
main,f9971e25950611bf70b7c98388635d360738c6bd,728a0b1ad948f6f28f26120adf397853cfea12f0,REWRITTEN
main,01a9c0796727464f069179ddb39c41320c8887ef,19ef500a887e63606890b62e886e3c089370f5ec,REWRITTEN
main,2a3648b1012303c8443d599f8e2768659c7d3629,1c126481a0414801371d22f05c8c724ac5e5e720,REWRITTEN
main,183d2ff9ae0537be6714e8bf396ae246744298c0,6ef692ed8a8766f6e7d76b4cc90e5459eb74e948,REWRITTEN
main,7546f64b7716b1150cfb800a420c6570410b9d3b,0f52bd89d564c39848e5879a1f46ee9ff6490504,REWRITTEN
main,6a6df4ebca33bfc68e3a599f890412da4525a0a1,3c9b4984072eb7d1d54ca2764e0c02d2406981e0,REWRITTEN
main,8e53afeda06e11671a309ec5ddd7c87aef556fde,f8628fec17161a43fa67394f52105163a0691707,REWRITTEN
main,dfe19951a9202b7e8b623a5bc84e76d6ab190c45,80aa2a44d7e062a15008d92caa384a9e21171fbc,REWRITTEN
main,74caeffe9d7a4c4c5e556b5142be9de60b26babb,4165ec538ae6bd0cbd7c2a7bc7c87eabeebddb2f,REWRITTEN
main,3ef84ea94bd5f264a9ebadcfc7dcd0eb869ea3ec,c914c2837dbded22ed9e10260987f29a06b476ce,REWRITTEN
main,ac1e0d9ee0ae27caedbed25ab51ba3c4f3ed7b66,72ab536a559a3f0cef7fdb8d1b581794bb7a91db,REWRITTEN
main,895f9bd107eb6d7ce93c459a3b5a26a73a70da2d,479665633d7a416ed98336e63e063403efcdcdd7,REWRITTEN
main,684853a1757de709fca1dd053132cd527c9f8720,ca08e12403838384274d099e13e2587460db0dec,REWRITTEN
main,5d4daf6f73640a3c69c2d14d514e4c2f5f8a1f0b,c59800419efff08923cc11eccae43e3ed9835b2b,REWRITTEN
main,7d33d82bc54572b03de811f852ec3d43aacef918,cf2e6e7f24020c1259ab15e448ac16e7013124b1,REWRITTEN
main,8c8c0e8d00cf5c7bbe01449467a5d38861a23a03,fd27ad09bfa4fe0cba37d58bffcef2e54cf49826,REWRITTEN
main,dbb96b7640c37edf7864c4e0d44c194dfd1e3ac2,1719755a453eb548457c972b3b77a6d64ad5fc33,REWRITTEN
main,c721277b5116e5fd15f285d95b9b16e928686637,c37544c643110e27645e4a57ddd85979f7f95dac,REWRITTEN
main,537fe1f137fa2996cb84731765068c9f9b8e0af5,0b131af347bf99e917048d88b28afab1d2136d85,REWRITTEN
main,5feee22c1d8b3e032989ffdace14a2fa99c4fa7c,ee397698abb35531e2efe55160918f8e17ddb410,REWRITTEN
main,661be03e1e4813f65abd54db1ea7b850413fbf6d,8f6c773853fda8bec428f296b9535b0545af2386,REWRITTEN
main,1e90557478ded3711981787684e12eff8d234265,c714b504938a9b97e61c89dafa54d2453f192fd4,REWRITTEN
main,efb56a49dacc90c41e8f898f8bba0831fc8566fb,f47436867fe7ba121b23cec7527e24b7da21ea3b,REWRITTEN
main,de6940fbe94371c967847a5bd4886627baccef9b,9bf13eb38143d5d817407abee7059b0168da9b29,REWRITTEN
main,fe8705f4f9473e54d93cc4172f5c6417819663f9,fb2df340d5664d20409107c3d138a02f6981b6a2,REWRITTEN
main,6aa2aa3764d568760ca321b38e943f070b8924ad,dd1ce46e5c0c44e877125418fe87659ff7aa16e1,REWRITTEN
main,0b15536d9a38043eab0618bcbd5f8d9503f92b40,66ca4319769c9a5212816c973a10e9b56d6a0b9b,REWRITTEN
main,4418f3f5dcef3fe82e939cbb12e4f7f51cdf7cde,b82d85e6751115d3ce5f5947512dd56b5742c6f7,REWRITTEN
main,6bcbf9bd46a7ef0df7096cf0e2f4d65d85494b1a,151edbb8234313384864a2eaa2e8cb83a00b1354,REWRITTEN
main,5bc1662d431f462f186833acd07e714e99ab2737,f9a0978bf074ecb7274d3d94dca7e8af44a9a07a,REWRITTEN
main,ea91a39201604d660968fcce8f2d9f1e57820bca,3aef963f52c46ba39a35ae24abfedaef1e479676,REWRITTEN
main,abf43ee95cd80f6dbc9a7bc4e78964fbba10b1ee,dac3cf7a5da15197f525722d1958fca8aded7cae,REWRITTEN
main,bd55205458eb92fc6143c9af62e836faa24cad06,84e45fe02ffcb01895ff07a0f0c4c56ffa615b01,REWRITTEN
main,5e9be6f7f5db43de82131f574b51de2f3a0c1a73,f468a36fcbf9a4164d28367c8efaac70f56f9eb9,REWRITTEN
main,09a4c0063a08e7a58e77dd9f87ede032d2da908a,525f4a16e138aa0d2935893076fd01774f481692,REWRITTEN
main,d7f1f754e0500998ba3783217113d375e786449e,ca570646a73a386e4d49ecb57ddcbca8c7aaf639,REWRITTEN
main,78cedd6cda4aec95e49575adbb7f7c47800d7aee,aa1214091902f69ab974fc17e8810acd913dc849,REWRITTEN
main,ff98405f83082e3f0a5b01e2e863ce38ee302681,ed2faed2ca15b8facd0127f654d70b35484bfc39,REWRITTEN
main,bdcdf6f47aa6980638dc819c1b82976489234c98,3629acc00160ca75e5e2be5db924082bb1b1d17c,REWRITTEN
main,10fe3c1a77f1b6349fb587a44fce12c7165a4105,abffb6465fd494a47321f7da1f3ce05d5b092288,REWRITTEN
main,00eb21f79d5757fbeb23cbada9d926363c7983e2,d9505bb8fdbf9084f8b5f9547f888e80988a55cb,REWRITTEN
main,bda59ca8201e81125b3fc0b3730f7f9917f46cf0,5173850d13bf3255e50500087d37cbbfe4bdc34f,REWRITTEN
main,2e2436de703fabcb25134b81e183484091d482c2,10cc8a43e362c5a7e42cc44cce087e518d604b49,REWRITTEN
main,95843cbc38b3a1565c9ec82ad19b1cedfb24cfbc,6843495c1334a8519e5ba354f7b82283df2e95f3,REWRITTEN
main,a54776eb7ce6a3c52a63b8c7a6b7e1b7e8dee976,637b6b0828da1b2d860626970f22a2e951a216a7,REWRITTEN
main,51bb52745dd5c2442938ff0dfe3cd8efd0ac4a16,fbecd4e830b68dfa75791020c9747b0dc127c4c3,REWRITTEN
main,d78c8906bbb7cb493fcecb7ad1d3e095fdb0be70,95ba4c056cbaf433cc3980e503051d71ec6fc478,REWRITTEN
main,45efac6e52b0189f8a4664d328d653844ff077a6,5ad3039835b3e8da3a4f891bac7dd60f238baafd,REWRITTEN
main,d83477e0f83da4aad907774d72055320b5f5a623,03c145a336cb90f83c9a851fb85e1924c7ee0cf5,REWRITTEN
main,799b9026a1741c2b646feda5f0ffed362aa4c801,82a17ced9bee5c2c26e2297e638bed5ba9a464ac,REWRITTEN
main,4d601197908fe127b93a6e3b392987e372abce5c,077c421ea40de29ae7bd95a285b3dc25bbed670d,REWRITTEN
main,aadc3fee565c9a2edd2881efa0b6cb29074441ae,9241e89216f9d20c0eee9da2a0af5ed399a7c9b6,REWRITTEN
